Fact;holanda macho
Convey ;
Bestower ;
Leap ;
Thereof;
Conversely;
Weak;
Alike;
Drowned ;
Witnessed ;
Buried;
Differentiating ;
Grim ;
Grim ;
Blunts;
Wanes ;
Literacy ;
Assessment;
Concerns;
Uptake ;
Based;
Fetching ;
Hood;
Correctness;
Nest ;
Scope;
Indeed;
Parse ;
Entice ;
Heritage;
Heritage;
Numb;
Clueless ;
Inbound ;
Lovable;
Afford ;
Odd ;
Striking ;
Heightened ;
Fulfillment ;
Moist;
Dare;
Regardless ;
Accurate;
Ripe ;
Why Would They..They Pay 20 Cents An Hour In Factories They Have In China. China Has 1.5 Billion People. In A Couple Decades, China Will Have Over 2 Billion People. Europe And Usa Together Only Have About 700 Million. The Elites Want China'S Market. If They Can Pay Us, Western Civilization Nothing, Slavery, They Can Get Into And Sell More Stuff In China And Make Even More Money.;
;
;
;
;
Overlapping;
Detrimental;
Arrange;
Dissecting ;
Acumen;
Shy;
Time.Sleep(0.01);
Time.Sleep(0.01);
Rush ;
Vigilantism;
Eviction;
The Outcome ;
Attendees;
Relatives ;
;
;
;
Scope;
Scope;
Scope;
Scope;
Scope;
Scope;
Parse;
Open;

